<?xml version="1.0" encoding="utf-8"?>
<window>
    <allowoverlays>true</allowoverlays>
    <controls>
        <control type="group">
            <posx>340</posx>
            <posy>110</posy>
            <width>600</width>
            <height>500</height>
            <control type="image" id="10001">
                <width>600</width>
                <height>500</height>
                <texture border="10">all/Background.png</texture>
            </control>
            <control type="textbox" id="10000">
                <posy>80</posy>
                <posx>20</posx>
                <height>400</height>
                <width>560</width>
                <font>font10</font>
                <textcolor>0xFFFFFFFF</textcolor>
                <wrapmultiline>true</wrapmultiline>
                <autoscroll delay="2000" time="1500" repeat="2000">true</autoscroll>
                <align>justify</align>
                <aligny>posy</aligny>
                <label></label>
            </control>

            <control type="button" id="10001">
                <posy>450</posy>
                <posx>480</posx>
                <width>110</width>
                <height>30</height>
                <textwidth>200</textwidth>
                <texturefocus>all/ButtonFO.png</texturefocus>
                <texturenofocus>all/ButtonNF.png</texturenofocus>
                <align>center</align>
                <aligny>center</aligny>
                <label>Aceptar</label>
            </control>
        </control>
    </controls>
</window>